{
    "loader": "flansmod:turborig",
    "display": {
        "fixed": {
            "translation": [
                6.0,
                6.0,
                6.0
            ],
            "rotation": [
                0.0,
                270.0,
                45.0
            ],
            "scale": [
                1.0,
                1.0,
                1.0
            ]
        },
        "ground": {
            "translation": [
                0.0,
                0.15,
                0.0
            ],
            "rotation": [
                0.0,
                270.0,
                0.0
            ],
            "scale": [
                0.625,
                0.625,
                0.625
            ]
        },
        "head": {
            "translation": [
                0.0,
                0.0,
                0.0
            ],
            "rotation": [
                270.0,
                270.0,
                0.0
            ],
            "scale": [
                1.0,
                1.0,
                1.0
            ]
        },
        "gui": {
            "translation": [
                -0.00163682282,
                -0.02083333,
                -0.00163682119
            ],
            "rotation": [
                0.0,
                45.0,
                90.0
            ],
            "scale": [
                1.18518519,
                1.18518519,
                1.18518519
            ]
        },
        "thirdperson_lefthand": {
            "translation": [
                -1.0,
                -2.0,
                0.0
            ],
            "rotation": [
                0.0,
                270.0,
                0.0
            ],
            "scale": [
                1.0,
                1.0,
                1.0
            ]
        },
        "thirdperson_righthand": {
            "translation": [
                -1.0,
                -2.0,
                0.0
            ],
            "rotation": [
                0.0,
                270.0,
                0.0
            ],
            "scale": [
                1.0,
                1.0,
                1.0
            ]
        },
        "firstperson_lefthand": {
            "translation": [
                -8.0,
                -7.0,
                -13.0
            ],
            "rotation": [
                0.0,
                0.0,
                0.0
            ],
            "scale": [
                1.0,
                1.0,
                1.0
            ]
        },
        "firstperson_righthand": {
            "translation": [
                8.0,
                -7.0,
                -13.0
            ],
            "rotation": [
                0.0,
                0.0,
                0.0
            ],
            "scale": [
                1.0,
                1.0,
                1.0
            ]
        }
    },
    "textures": {
        "default": "flansvendersgame:skins/fc_870",
        "fc_870_birch": "flansvendersgame:skins/fc_870_birch",
        "fc_870_dark": "flansvendersgame:skins/fc_870_dark",
        "fc_870_redwood": "flansvendersgame:skins/fc_870_redwood",
        "fc_870_vroom_vroom": "flansvendersgame:skins/fc_870_vroom_vroom"
    },
    "icons": {
        "default": "flansvendersgame:item/fc_870",
        "fc_870_birch": "flansvendersgame:item/fc_870_birch",
        "fc_870_dark": "flansvendersgame:item/fc_870_dark",
        "fc_870_redwood": "flansvendersgame:item/fc_870_redwood",
        "fc_870_vroom_vroom": "flansvendersgame:item/fc_870_vroom_vroom"
    },
    "animations": {
        "gun_slide_distance": 0.5,
        "pump_delay_after_reload": 115.0,
        "pump_delay": 6.0,
        "pump_time": 9.0,
        "pump_handle_distance": -0.25,
        "num_bullets_in_reload_animation": 7.0
    },
    "parts": {
        "stock": {
            "origin": [
                0.0,
                0.0,
                0.0
            ],
            "material": "Cutout",
            "turboelements": [
                {
                    "eulerRotations": [
                        0.0,
                        90.0,
                        0.0
                    ],
                    "rotationOrigin": [
                        -1.00000024,
                        -2.0,
                        4.99999952
                    ],
                    "shapebox": {
                        "origin": [
                            0.0,
                            0.0,
                            0.0
                        ],
                        "dimensions": [
                            5.0,
                            3.0,
                            2.0
                        ],
                        "uv": [
                            16,
                            8
                        ],
                        "offsets": [
                            [
                                0.0,
                                0.0,
                                0.0
                            ],
                            [
                                0.0,
                                1.0,
                                0.0
                            ],
                            [
                                0.0,
                                0.0,
                                0.0
                            ],
                            [
                                0.0,
                                0.0,
                                0.0
                            ],
                            [
                                0.0,
                                0.0,
                                0.0
                            ],
                            [
                                0.0,
                                1.0,
                                0.0
                            ],
                            [
                                0.0,
                                0.0,
                                0.0
                            ],
                            [
                                0.0,
                                0.0,
                                0.0
                            ]
                        ]
                    }
                },
                {
                    "eulerRotations": [
                        0.0,
                        90.0,
                        0.0
                    ],
                    "rotationOrigin": [
                        -1.00000024,
                        -2.0,
                        5.99999952
                    ],
                    "box": {
                        "origin": [
                            0.0,
                            0.0,
                            0.0
                        ],
                        "dimensions": [
                            1.0,
                            3.0,
                            2.0
                        ],
                        "uv": [
                            10,
                            8
                        ]
                    }
                }
            ]
        },
        "pump": {
            "origin": [
                0.0,
                0.0,
                0.0
            ],
            "material": "Cutout",
            "turboelements": [
                {
                    "eulerRotations": [
                        0.0,
                        90.0,
                        0.0
                    ],
                    "rotationOrigin": [
                        -1.0,
                        -0.75,
                        1.99999976
                    ],
                    "box": {
                        "origin": [
                            0.0,
                            0.0,
                            0.0
                        ],