{
    "loader": "flansmod:turborig",
    "display": {
        "fixed": {
            "translation": [
                6.0,
                6.0,
                6.0
            ],
            "rotation": [
                0.0,
                270.0,
                45.0
            ],
            "scale": [
                1.0,
                1.0,
                1.0
            ]
        },
        "ground": {
            "translation": [
                0.0,
                0.15,
                0.0
            ],
            "rotation": [
                0.0,
                270.0,
                0.0
            ],
            "scale": [
                0.0625,
                0.0625,
                0.0625
            ]
        },
        "head": {
            "translation": [
                0.0,
                0.0,
                0.0
            ],
            "rotation": [
                270.0,
                270.0,
                0.0
            ],
            "scale": [
                1.0,
                1.0,
                1.0
            ]
        },
        "gui": {
            "translation": [
                0.0441941656,
                5.58793545E-09,
                0.0441941731
            ],
            "rotation": [
                0.0,
                45.0,
                90.0
            ],
            "scale": [
                5.33333349,
                5.33333349,
                5.33333349
            ]
        },
        "thirdperson_lefthand": {
            "translation": [
                8.0,
                8.0,
                6.0
            ],
            "rotation": [
                0.0,
                0.0,
                0.0
            ],
            "scale": [
                1.0,
                1.0,
                1.0
            ]
        },
        "thirdperson_righthand": {
            "translation": [
                8.0,
                8.0,
                6.0
            ],
            "rotation": [
                0.0,
                0.0,
                0.0
            ],
            "scale": [
                1.0,
                1.0,
                1.0
            ]
        },
        "firstperson_lefthand": {
            "translation": [
                -8.0,
                -7.0,
                -13.0
            ],
            "rotation": [
                0.0,
                0.0,
                0.0
            ],
            "scale": [
                1.0,
                1.0,
                1.0
            ]
        },
        "firstperson_righthand": {
            "translation": [
                8.0,
                -7.0,
                -13.0
            ],
            "rotation": [
                0.0,
                0.0,
                0.0
            ],
            "scale": [
                1.0,
                1.0,
                1.0
            ]
        }
    },
    "textures": {
        "default": "flansvendersgame:skins/fc_premium_foregrip"
    },
    "icons": {
        "default": "flansvendersgame:item/fc_premium_foregrip"
    },
    "animations": {},
    "parts": {
        "body": {
            "origin": [
                0.0,
                0.0,
                0.0
            ],
            "material": "Cutout",
            "turboelements": [
                {
                    "eulerRotations": [
                        0.0,
                        0.0,
                        0.0
                    ],
                    "rotationOrigin": [
                        0.0,
                        -5.0,
                        -0.75
                    ],
                    "shapebox": {
                        "origin": [
                            0.0,
                            0.0,
                            0.0
                        ],
                        "dimensions": [
                            1.0,
                            2.0,
                            1.5
                        ],
                        "uv": [
                            0,
                            0
                        ],
                        "offsets": [
                            [
                                0.0,
                                0.0,
                                0.0
                            ],
                            [
                                0.0,
                                0.0,
                                0.0
                            ],
                            [
                                1.0,
                                0.0,
                                0.0
                            ],
                            [
                                1.0,
                                0.0,
                                0.0
                            ],
                            [
                                0.0,
                                0.0,
                                0.0
                            ],
                            [
                                0.0,
                                0.0,
                                0.0
                            ],
                            [
                                1.0,
                                0.0,
                                0.0
                            ],
                            [
                                1.0,
                                0.0,
                                0.0
                            ]
                        ]
                    }
                },
                {
                    "eulerRotations": [
                        0.0,
                        0.0,
                        0.0
                    ],
                    "rotationOrigin": [
                        1.0,
                        -3.0,
                        -0.75
                    ],
                    "shapebox": {
                        "origin": [
                            0.0,
                            0.0,
                            0.0
                        ],
                        "dimensions": [
                            1.0,
                            2.0,
                            1.5
                        ],
                        "uv": [
                            6,
                            0
                        ],