{
    "loader": "flansmod:turborig",
    "display": {
        "fixed": {
            "translation": [
                6.0,
                6.0,
                6.0
            ],
            "rotation": [
                0.0,
                270.0,
                45.0
            ],
            "scale": [
                1.0,
                1.0,
                1.0
            ]
        },
        "ground": {
            "translation": [
                0.0,
                0.15,
                0.0
            ],
            "rotation": [
                0.0,
                270.0,
                0.0
            ],
            "scale": [
                0.625,
                0.625,
                0.625
            ]
        },
        "head": {
            "translation": [
                0.0,
                0.0,
                0.0
            ],
            "rotation": [
                270.0,
                270.0,
                0.0
            ],
            "scale": [
                1.0,
                1.0,
                1.0
            ]
        },
        "gui": {
            "translation": [
                -0.0181976035,
                -0.0477941148,
                -0.0181976017
            ],
            "rotation": [
                0.0,
                45.0,
                90.0
            ],
            "scale": [
                3.764706,
                3.764706,
                3.764706
            ]
        },
        "thirdperson_lefthand": {
            "translation": [
                -1.0,
                -2.0,
                0.0
            ],
            "rotation": [
                0.0,
                270.0,
                0.0
            ],
            "scale": [
                1.0,
                1.0,
                1.0
            ]
        },
        "thirdperson_righthand": {
            "translation": [
                -1.0,
                -2.0,
                0.0
            ],
            "rotation": [
                0.0,
                270.0,
                0.0
            ],
            "scale": [
                1.0,
                1.0,
                1.0
            ]
        },
        "firstperson_lefthand": {
            "translation": [
                -8.0,
                -7.0,
                -13.0
            ],
            "rotation": [
                0.0,
                0.0,
                0.0
            ],
            "scale": [
                1.0,
                1.0,
                1.0
            ]
        },
        "firstperson_righthand": {
            "translation": [
                8.0,
                -7.0,
                -13.0
            ],
            "rotation": [
                0.0,
                0.0,
                0.0
            ],
            "scale": [
                1.0,
                1.0,
                1.0
            ]
        }
    },
    "textures": {
        "default": "flansvendersgame:skins/hm_9",
        "hm_9_midnight": "flansvendersgame:skins/hm_9_midnight",
        "hm_9_sand": "flansvendersgame:skins/hm_9_sand",
        "hm_9_venom": "flansvendersgame:skins/hm_9_venom"
    },
    "icons": {
        "default": "flansvendersgame:item/hm_9",
        "hm_9_midnight": "flansvendersgame:item/hm_9_midnight",
        "hm_9_sand": "flansvendersgame:item/hm_9_sand",
        "hm_9_venom": "flansvendersgame:item/hm_9_venom"
    },
    "animations": {
        "gun_slide_distance": 0.25
    },
    "parts": {
        "slide": {
            "origin": [
                0.0,
                0.0,
                0.0
            ],
            "material": "Cutout",
            "turboelements": [
                {
                    "eulerRotations": [
                        0.0,
                        90.0,
                        0.0
                    ],
                    "rotationOrigin": [
                        -0.5000002,
                        0.5,
                        3.8
                    ],
                    "box": {
                        "origin": [
                            0.0,
                            0.0,
                            0.0
                        ],
                        "dimensions": [
                            1.0,
                            1.0,
                            1.0
                        ],
                        "uv": [
                            0,
                            5
                        ]
                    }
                },
                {
                    "eulerRotations": [
                        0.0,
                        90.0,
                        0.0
                    ],
                    "rotationOrigin": [
                        -0.4999998,
                        0.5,
                        -2.94999957
                    ],
                    "box": {
                        "origin": [
                            0.0,
                            0.0,
                            0.0
                        ],
                        "dimensions": [
                            1.0,
                            1.0,
                            1.0
                        ],
                        "uv": [
                            4,
                            5
                        ]
                    }
                },
                {
                    "eulerRotations": [
                        0.0,
                        90.0,
                        0.0
                    ],
                    "rotationOrigin": [
                        -1.00000024,
                        -1.0,
                        3.99999976
                    ],
                    "box": {
                        "origin": [
                            0.0,
                            0.0,
                            0.0
                        ],
                        "dimensions": [
                            8.0,
                            2.0,
                            2.0
                        ],
                        "uv": [
                            6,
                            0
                        ]
                    }
                }
            ]
        },
        "ammo_0": {
            "origin": [
                0.0,
                0.0,
                0.0
            ],
            "material": "Cutout",
            "turboelements": [
                {
                    "eulerRotations": [
                        0.0,
                        90.0,
                        0.0
                    ],
                    "rotationOrigin": [
                        -0.5,
                        -3.8,
                        0.9999999
                    ],
                    "box": {
                        "origin": [
                            0.0,
                            0.0,
                            0.0
                        ],
                        "dimensions": [
                            2.0,
                            4.0,
                            1.0
                        ],
                        "uv": [
                            0,
                            0
                        ]
                    }
                }
            ]
        },
        "body": {
            "origin": [
                0.0,
                0.0,
                0.0
            ],
            "material": "Cutout",
            "turboelements": [
                {
                    "eulerRotations": [
                        0.0,
                        90.0,
                        0.0
                    ],
                    "rotationOrigin": [
                        -0.5,
                        3.5,
                        0.49999994
                    ],
                    "box": {
                        "origin": [
                            0.0,
                            0.0,
                            0.0
                        ],