{
    "loader": "flansmod:turborig",
    "display": {
        "fixed": {
            "translation": [
                6.0,
                6.0,
                6.0
            ],
            "rotation": [
                0.0,
                270.0,
                45.0
            ],
            "scale": [
                1.0,
                1.0,
                1.0
            ]
        },
        "ground": {
            "translation": [
                0.0,
                0.15,
                0.0
            ],
            "rotation": [
                0.0,
                270.0,
                0.0
            ],
            "scale": [
                0.0625,
                0.0625,
                0.0625
            ]
        },
        "head": {
            "translation": [
                0.0,
                0.0,
                0.0
            ],
            "rotation": [
                270.0,
                270.0,
                0.0
            ],
            "scale": [
                1.0,
                1.0,
                1.0
            ]
        },
        "gui": {
            "translation": [
                0.025996564,
                -0.04779411,
                0.0259965733
            ],
            "rotation": [
                0.0,
                45.0,
                90.0
            ],
            "scale": [
                7.529412,
                7.529412,
                7.529412
            ]
        },
        "thirdperson_lefthand": {
            "translation": [
                8.0,
                8.0,
                6.0
            ],
            "rotation": [
                0.0,
                0.0,
                0.0
            ],
            "scale": [
                1.0,
                1.0,
                1.0
            ]
        },
        "thirdperson_righthand": {
            "translation": [
                8.0,
                8.0,
                6.0
            ],
            "rotation": [
                0.0,
                0.0,
                0.0
            ],
            "scale": [
                1.0,
                1.0,
                1.0
            ]
        },
        "firstperson_lefthand": {
            "translation": [
                -8.0,
                -7.0,
                -13.0
            ],
            "rotation": [
                0.0,
                0.0,
                0.0
            ],
            "scale": [
                1.0,
                1.0,
                1.0
            ]
        },
        "firstperson_righthand": {
            "translation": [
                8.0,
                -7.0,
                -13.0
            ],
            "rotation": [
                0.0,
                0.0,
                0.0
            ],
            "scale": [
                1.0,
                1.0,
                1.0
            ]
        }
    },
    "textures": {
        "default": "flansvendersgame:skins/hm_flashlight_mini"
    },
    "icons": {
        "default": "flansvendersgame:item/hm_flashlight_mini"
    },
    "animations": {},
    "parts": {
        "body": {
            "origin": [
                0.0,
                0.0,
                0.0
            ],
            "material": "Cutout",
            "turboelements": [
                {
                    "eulerRotations": [
                        0.0,
                        90.0,
                        0.0
                    ],
                    "rotationOrigin": [
                        -0.750000358,
                        -2.25,
                        -2.75
                    ],
                    "box": {
                        "origin": [
                            0.0,
                            0.0,
                            0.0
                        ],
                        "dimensions": [
                            1.0,
                            1.5,
                            1.5
                        ],
                        "uv": [
                            0,
                            0
                        ]
                    }
                },
                {
                    "eulerRotations": [
                        0.0,
                        90.0,
                        0.0
                    ],
                    "rotationOrigin": [
                        -1.0,
                        -2.5,
                        0.5000002
                    ],
                    "shapebox": {
                        "origin": [
                            0.0,
                            0.0,
                            0.0
                        ],
                        "dimensions": [
                            4.0,
                            2.0,
                            2.0
                        ],
                        "uv": [
                            6,
                            0
                        ],
                        "offsets": [
                            [
                                0.0,
                                0.25,
                                0.25
                            ],
                            [
                                0.0,
                                0.0,
                                0.0
                            ],
                            [
                                0.0,
                                -0.25,
                                0.25
                            ],
                            [
                                0.0,
                                0.0,
                                0.0
                            ],
                            [
                                0.0,
                                0.25,
                                -0.25
                            ],
                            [
                                0.0,
                                0.0,
                                0.0
                            ],
                            [
                                0.0,
                                -0.25,
                                -0.25
                            ],
                            [
                                0.0,
                                0.0,
                                0.0
                            ]
                        ]
                    }
                },
                {
                    "eulerRotations": [
                        0.0,
                        90.0,
                        0.0
                    ],
                    "rotationOrigin": [
                        -0.50000006,
                        -1.0,
                        0.0
                    ],
                    "box": {
                        "origin": [
                            0.0,
                            0.0,
                            0.0
                        ],
                        "dimensions": [
                            3.0,
                            1.0,
                            1.0
                        ],
                        "uv": [
                            18,
                            0
                        ]
                    }
                }
            ]
        }
    },
    "attachPoints": [
        {
            "name": "light_origin",
            "attachTo": "body",
            "offset": [
                0.0,
                -1.5,
                -3.75
            ],
            "euler": [
                0.0,
                0.0,
                0.0
            ]
        }
    ],
    "textureSize": [
        32,
        4
    ]
}