{
    "loader": "flansmod:turborig",
    "display": {
        "fixed": {
            "translation": [
                6.0,
                6.0,
                6.0
            ],
            "rotation": [
                0.0,
                270.0,
                45.0
            ],
            "scale": [
                0.576,
                0.5759999,
                0.576
            ]
        },
        "ground": {
            "translation": [
                0.0,
                0.15,
                0.0
            ],
            "rotation": [
                0.0,
                270.0,
                0.0
            ],
            "scale": [
                0.62499994,
                0.625,
                0.62499994
            ]
        },
        "head": {
            "translation": [
                0.0,
                0.0,
                0.0
            ],
            "rotation": [
                270.0,
                270.0,
                0.0
            ],
            "scale": [
                0.576,
                0.576,
                0.576
            ]
        },
        "gui": {
            "translation": [
                -0.00192348531,
                -0.02042079,
                -0.0017520712
            ],
            "rotation": [
                0.0,
                45.0,
                90.0
            ],
            "scale": [
                0.6336599,
                0.6336599,
                0.6336599
            ]
        },
        "thirdperson_lefthand": {
            "translation": [
                0.0,
                0.0,
                0.0
            ],
            "rotation": [
                0.0,
                270.0,
                0.0
            ],
            "scale": [
                0.576,
                0.576,
                0.576
            ]
        },
        "thirdperson_righthand": {
            "translation": [
                0.0,
                0.0,
                0.0
            ],
            "rotation": [
                0.0,
                270.0,
                0.0
            ],
            "scale": [
                0.576,
                0.576,
                0.576
            ]
        },
        "firstperson_lefthand": {
            "translation": [
                -8.0,
                -7.0,
                -13.0
            ],
            "rotation": [
                0.0,
                0.0,
                0.0
            ],
            "scale": [
                1.0,
                1.0,
                1.0
            ]
        },
        "firstperson_righthand": {
            "translation": [
                8.0,
                -7.0,
                -13.0
            ],
            "rotation": [
                0.0,
                0.0,
                0.0
            ],
            "scale": [
                1.0,
                1.0,
                1.0
            ]
        }
    },
    "textures": {
        "default": "flansvendersgame:skins/hm_pocket",
        "hm_pocket_red": "flansvendersgame:skins/hm_pocket_red",
        "hm_pocket_yellow": "flansvendersgame:skins/hm_pocket_yellow",
        "hm_pocket_venom": "flansvendersgame:skins/hm_pocket_venom"
    },
    "icons": {
        "default": "flansvendersgame:item/hm_pocket",
        "hm_pocket_red": "flansvendersgame:item/hm_pocket_red",
        "hm_pocket_yellow": "flansvendersgame:item/hm_pocket_yellow",
        "hm_pocket_venom": "flansvendersgame:item/hm_pocket_venom"
    },
    "animations": {
        "gun_slide_distance": 0.25
    },
    "parts": {
        "ammo_0": {
            "origin": [
                0.0,
                0.0,
                0.0
            ],
            "material": "Cutout",
            "turboelements": [
                {
                    "eulerRotations": [
                        0.0,
                        90.0,
                        0.0
                    ],
                    "rotationOrigin": [
                        -0.7500002,
                        -6.0,
                        0.7500005
                    ],
                    "box": {
                        "origin": [
                            0.0,
                            0.0,
                            0.0
                        ],
                        "dimensions": [
                            1.5,
                            6.0,
                            1.5
                        ],
                        "uv": [
                            0,
                            0
                        ]
                    }
                }
            ]
        },
        "body": {
            "origin": [
                0.0,
                0.0,
                0.0
            ],
            "material": "Cutout",
            "turboelements": [
                {
                    "eulerRotations": [
                        0.0,
                        90.0,
                        0.0
                    ],
                    "rotationOrigin": [
                        -0.250000983,
                        3.5,
                        -7.000001
                    ],
                    "box": {
                        "origin": [
                            0.0,
                            0.0,
                            0.0
                        ],
                        "dimensions": [
                            2.0,
                            0.5,
                            0.5
                        ],
                        "uv": [
                            8,
                            0
                        ]
                    }
                },
                {
                    "eulerRotations": [
                        0.0,
                        90.0,
                        0.0
                    ],
                    "rotationOrigin": [
                        -0.500001,
                        3.25,
                        -6.500001
                    ],
                    "box": {
                        "origin": [
                            0.0,
                            0.0,
                            0.0
                        ],
                        "dimensions": [
                            1.0,
                            1.0,
                            1.0
                        ],
                        "uv": [
                            8,
                            2
                        ]
                    }
                },
                {
                    "eulerRotations": [
                        0.0,
                        90.0,
                        0.0
                    ],
                    "rotationOrigin": [
                        -0.500001,
                        5.0,
                        -6.000001
                    ],
                    "box": {
                        "origin": [
                            0.0,
                            0.0,
                            0.0
                        ],
                        "dimensions": [
                            1.0,
                            0.5,
                            1.0
                        ],
                        "uv": [
                            12,
                            2
                        ]
                    }
                },
                {
                    "eulerRotations": [
                        0.0,
                        90.0,
                        0.0
                    ],
                    "rotationOrigin": [
                        -0.50000006,
                        5.0,
                        5.96046448E-08
                    ],
                    "box": {
                        "origin": [
                            0.0,
                            0.0,
                            0.0
                        ],