{
    "loader": "flansmod:turborig",
    "display": {
        "fixed": {
            "translation": [
                6.0,
                6.0,
                6.0
            ],
            "rotation": [
                0.0,
                270.0,
                45.0
            ],
            "scale": [
                1.0,
                1.0,
                1.0
            ]
        },
        "ground": {
            "translation": [
                0.0,
                0.15,
                0.0
            ],
            "rotation": [
                0.0,
                270.0,
                0.0
            ],
            "scale": [
                0.0625,
                0.0625,
                0.0625
            ]
        },
        "head": {
            "translation": [
                0.0,
                0.0,
                0.0
            ],
            "rotation": [
                270.0,
                270.0,
                0.0
            ],
            "scale": [
                1.0,
                1.0,
                1.0
            ]
        },
        "gui": {
            "translation": [
                -0.0162820648,
                -0.016447369,
                -0.006978029
            ],
            "rotation": [
                0.0,
                45.0,
                90.0
            ],
            "scale": [
                1.68421054,
                1.68421054,
                1.68421054
            ]
        },
        "thirdperson_lefthand": {
            "translation": [
                -3.0,
                -1.0,
                0.0
            ],
            "rotation": [
                0.0,
                270.0,
                0.0
            ],
            "scale": [
                0.75,
                0.75,
                0.75
            ]
        },
        "thirdperson_righthand": {
            "translation": [
                -3.0,
                -1.0,
                0.0
            ],
            "rotation": [
                0.0,
                270.0,
                0.0
            ],
            "scale": [
                0.75,
                0.75,
                0.75
            ]
        },
        "firstperson_lefthand": {
            "translation": [
                -8.0,
                -7.0,
                -13.0
            ],
            "rotation": [
                0.0,
                0.0,
                0.0
            ],
            "scale": [
                1.0,
                1.0,
                1.0
            ]
        },
        "firstperson_righthand": {
            "translation": [
                8.0,
                -7.0,
                -13.0
            ],
            "rotation": [
                0.0,
                0.0,
                0.0
            ],
            "scale": [
                1.0,
                1.0,
                1.0
            ]
        }
    },
    "textures": {
        "default": "flansvendersgame:skins/phantek_90",
        "phantek_90_aqua": "flansvendersgame:skins/phantek_90_aqua",
        "phantek_90_gravel": "flansvendersgame:skins/phantek_90_gravel",
        "phantek_90_obsidian": "flansvendersgame:skins/phantek_90_obsidian",
        "phantek_90_periwinkle": "flansvendersgame:skins/phantek_90_periwinkle"
    },
    "icons": {
        "default": "flansvendersgame:item/phantek_90",
        "phantek_90_aqua": "flansvendersgame:item/phantek_90_aqua",
        "phantek_90_gravel": "flansvendersgame:item/phantek_90_gravel",
        "phantek_90_obsidian": "flansvendersgame:item/phantek_90_obsidian",
        "phantek_90_periwinkle": "flansvendersgame:item/phantek_90_periwinkle"
    },
    "animations": {
        "gun_slide_distance": 0.5
    },
    "parts": {
        "barrel": {
            "origin": [
                0.0,
                0.0,
                0.0
            ],
            "material": "Cutout",
            "turboelements": [
                {
                    "eulerRotations": [
                        0.0,
                        90.0,
                        0.0
                    ],
                    "rotationOrigin": [
                        -0.49999997,
                        -0.5,
                        -2.98023224E-08
                    ],
                    "box": {
                        "origin": [
                            0.0,
                            0.0,
                            0.0
                        ],
                        "dimensions": [
                            1.0,
                            1.0,
                            1.0
                        ],
                        "uv": [
                            21,
                            11
                        ]
                    }
                }
            ]
        },
        "ammo_0": {
            "origin": [
                0.0,
                0.0,
                0.0
            ],
            "material": "Cutout",
            "turboelements": [
                {
                    "eulerRotations": [
                        0.0,
                        90.0,
                        0.0
                    ],
                    "rotationOrigin": [
                        -1.0,
                        3.0,
                        1.99999976
                    ],
                    "box": {
                        "origin": [
                            0.0,
                            0.0,
                            0.0
                        ],
                        "dimensions": [
                            11.0,
                            1.0,
                            2.0
                        ],
                        "uv": [
                            28,
                            13
                        ]
                    }
                }
            ]
        },
        "body": {
            "origin": [
                0.0,
                0.0,
                0.0
            ],
            "material": "Cutout",
            "turboelements": [
                {
                    "eulerRotations": [
                        0.0,
                        90.0,
                        0.0
                    ],
                    "rotationOrigin": [
                        -1.49999964,
                        2.0,
                        -4.9
                    ],
                    "box": {
                        "origin": [
                            0.0,
                            0.0,
                            0.0
                        ],
                        "dimensions": [
                            5.0,
                            3.0,
                            3.0
                        ],
                        "uv": [
                            25,
                            1
                        ]
                    }
                },
                {
                    "eulerRotations": [
                        0.0,
                        90.0,
                        0.0
                    ],
                    "rotationOrigin": [
                        -0.9999994,
                        0.0,
                        -9.0
                    ],
                    "box": {
                        "origin": [
                            0.0,
                            0.0,
                            0.0
                        ],
                        "dimensions": [
                            1.0,
                            1.0,
                            2.0
                        ],
                        "uv": [
                            16,
                            4
                        ]
                    }
                },
                {
                    "eulerRotations": [
                        0.0,
                        90.0,
                        0.0
                    ],