{
    "loader": "flansmod:turborig",
    "display": {
        "fixed": {
            "translation": [
                6.0,
                6.0,
                6.0
            ],
            "rotation": [
                0.0,
                270.0,
                45.0
            ],
            "scale": [
                1.0,
                1.0,
                1.0
            ]
        },
        "ground": {
            "translation": [
                0.0,
                0.15,
                0.0
            ],
            "rotation": [
                0.0,
                270.0,
                0.0
            ],
            "scale": [
                0.0625,
                0.0625,
                0.0625
            ]
        },
        "head": {
            "translation": [
                0.0,
                0.0,
                0.0
            ],
            "rotation": [
                270.0,
                270.0,
                0.0
            ],
            "scale": [
                1.0,
                1.0,
                1.0
            ]
        },
        "gui": {
            "translation": [
                -0.0173619948,
                0.008928569,
                -0.00473509124
            ],
            "rotation": [
                0.0,
                45.0,
                90.0
            ],
            "scale": [
                1.14285719,
                1.14285719,
                1.14285719
            ]
        },
        "thirdperson_lefthand": {
            "translation": [
                -2.0,
                -2.0,
                0.0
            ],
            "rotation": [
                0.0,
                270.0,
                0.0
            ],
            "scale": [
                1.0,
                1.0,
                1.0
            ]
        },
        "thirdperson_righthand": {
            "translation": [
                -2.0,
                -2.0,
                0.0
            ],
            "rotation": [
                0.0,
                270.0,
                0.0
            ],
            "scale": [
                1.0,
                1.0,
                1.0
            ]
        },
        "firstperson_lefthand": {
            "translation": [
                -8.0,
                -7.0,
                -13.0
            ],
            "rotation": [
                0.0,
                0.0,
                0.0
            ],
            "scale": [
                1.0,
                1.0,
                1.0
            ]
        },
        "firstperson_righthand": {
            "translation": [
                8.0,
                -7.0,
                -13.0
            ],
            "rotation": [
                0.0,
                0.0,
                0.0
            ],
            "scale": [
                1.0,
                1.0,
                1.0
            ]
        }
    },
    "textures": {
        "default": "flansvendersgame:skins/phantek_seeker",
        "phantek_seeker_forest": "flansvendersgame:skins/phantek_seeker_forest",
        "phantek_seeker_pink": "flansvendersgame:skins/phantek_seeker_pink"
    },
    "icons": {
        "default": "flansvendersgame:item/phantek_seeker",
        "phantek_seeker_forest": "flansvendersgame:item/phantek_seeker_forest",
        "phantek_seeker_pink": "flansvendersgame:item/phantek_seeker_pink"
    },
    "animations": {
        "gun_slide_distance": 0.5,
        "end_loaded_ammo_distance": 3.0
    },
    "parts": {
        "ammo_0": {
            "origin": [
                0.0,
                0.0,
                0.0
            ],
            "material": "Cutout",
            "turboelements": [
                {
                    "eulerRotations": [
                        0.0,
                        90.0,
                        270.0
                    ],
                    "rotationOrigin": [
                        -0.9999999,
                        -1.1920929E-06,
                        9.999999
                    ],
                    "box": {
                        "origin": [
                            0.0,
                            0.0,
                            0.0
                        ],
                        "dimensions": [
                            0.0,
                            1.0,
                            2.0
                        ],
                        "uv": [
                            55,
                            2
                        ]
                    }
                },
                {
                    "eulerRotations": [
                        0.0,
                        90.0,
                        270.0
                    ],
                    "rotationOrigin": [
                        -1.1920929E-07,
                        0.9999987,
                        9.999999
                    ],
                    "box": {
                        "origin": [
                            0.0,
                            0.0,
                            0.0
                        ],
                        "dimensions": [
                            2.0,
                            1.0,
                            0.0
                        ],
                        "uv": [
                            55,
                            0
                        ]
                    }
                },
                {
                    "eulerRotations": [
                        0.0,
                        90.0,
                        270.0
                    ],
                    "rotationOrigin": [
                        -0.5,
                        0.499998748,
                        9.999999
                    ],
                    "box": {
                        "origin": [
                            0.0,
                            0.0,
                            0.0
                        ],
                        "dimensions": [
                            1.0,
                            20.0,
                            1.0
                        ],
                        "uv": [
                            60,
                            0
                        ]
                    }
                }
            ]
        },
        "body": {
            "origin": [
                0.0,
                0.0,
                0.0
            ],
            "material": "Cutout",
            "turboelements": [
                {
                    "eulerRotations": [
                        0.0,
                        90.0,
                        0.0
                    ],
                    "rotationOrigin": [
                        -0.999999762,
                        -0.5,
                        -3.0
                    ],
                    "box": {
                        "origin": [
                            0.0,
                            0.0,
                            0.0
                        ],
                        "dimensions": [
                            6.0,
                            3.0,
                            2.0
                        ],
                        "uv": [
                            4,
                            10
                        ]
                    }
                },
                {
                    "eulerRotations": [
                        0.0,
                        90.0,
                        0.0
                    ],
                    "rotationOrigin": [
                        -0.49999997,
                        -0.5,
                        -2.98023224E-08
                    ],
                    "box": {
                        "origin": [
                            0.0,
                            0.0,
                            0.0
                        ],
                        "dimensions": [
                            1.0,
                            3.0,
                            1.0
                        ],