{
    "loader": "flansmod:turborig",
    "display": {
        "fixed": {
            "translation": [
                6.0,
                6.0,
                6.0
            ],
            "rotation": [
                0.0,
                270.0,
                45.0
            ],
            "scale": [
                1.0,
                1.0,
                1.0
            ]
        },
        "ground": {
            "translation": [
                0.0,
                0.15,
                0.0
            ],
            "rotation": [
                0.0,
                270.0,
                0.0
            ],
            "scale": [
                0.0625,
                0.0625,
                0.0625
            ]
        },
        "head": {
            "translation": [
                0.0,
                0.0,
                0.0
            ],
            "rotation": [
                270.0,
                270.0,
                0.0
            ],
            "scale": [
                1.0,
                1.0,
                1.0
            ]
        },
        "gui": {
            "translation": [
                0.00344323344,
                -0.03826737,
                0.00344323716
            ],
            "rotation": [
                0.0,
                45.0,
                90.0
            ],
            "scale": [
                2.682439,
                2.682439,
                2.682439
            ]
        },
        "thirdperson_lefthand": {
            "translation": [
                -1.0,
                -3.0,
                0.0
            ],
            "rotation": [
                0.0,
                270.0,
                0.0
            ],
            "scale": [
                1.0,
                1.0,
                1.0
            ]
        },
        "thirdperson_righthand": {
            "translation": [
                -1.0,
                -3.0,
                0.0
            ],
            "rotation": [
                0.0,
                270.0,
                0.0
            ],
            "scale": [
                1.0,
                1.0,
                1.0
            ]
        },
        "firstperson_lefthand": {
            "translation": [
                -8.0,
                -7.0,
                -13.0
            ],
            "rotation": [
                0.0,
                0.0,
                0.0
            ],
            "scale": [
                1.0,
                1.0,
                1.0
            ]
        },
        "firstperson_righthand": {
            "translation": [
                8.0,
                -7.0,
                -13.0
            ],
            "rotation": [
                0.0,
                0.0,
                0.0
            ],
            "scale": [
                1.0,
                1.0,
                1.0
            ]
        }
    },
    "textures": {
        "default": "flansvendersgame:skins/phantek_lock",
        "phantek_lock_cottonmouth": "flansvendersgame:skins/phantek_lock_cottonmouth",
        "phantek_lock_deepslate": "flansvendersgame:skins/phantek_lock_deepslate",
        "phantek_lock_fade": "flansvendersgame:skins/phantek_lock_fade",
        "phantek_lock_venom": "flansvendersgame:skins/phantek_lock_venom"
    },
    "icons": {
        "default": "flansvendersgame:item/phantek_lock",
        "phantek_lock_cottonmouth": "flansvendersgame:item/phantek_lock_cottonmouth",
        "phantek_lock_deepslate": "flansvendersgame:item/phantek_lock_deepslate",
        "phantek_lock_fade": "flansvendersgame:item/phantek_lock_fade",
        "phantek_lock_venom": "flansvendersgame:item/phantek_lock_venom"
    },
    "animations": {
        "gun_slide_distance": 0.2
    },
    "parts": {
        "ammo_0": {
            "origin": [
                0.0,
                0.0,
                0.0
            ],
            "material": "Cutout",
            "turboelements": [
                {
                    "eulerRotations": [
                        0.0,
                        90.0,
                        352.0
                    ],
                    "rotationOrigin": [
                        -0.49999997,
                        -4.834569,
                        2.17309213
                    ],
                    "box": {
                        "origin": [
                            0.0,
                            0.0,
                            0.0
                        ],
                        "dimensions": [
                            1.0,
                            1.0,
                            1.0
                        ],
                        "uv": [
                            97,
                            1
                        ]
                    }
                },
                {
                    "eulerRotations": [
                        0.0,
                        90.0,
                        352.0
                    ],
                    "rotationOrigin": [
                        -0.5,
                        -4.676345,
                        1.13247561
                    ],
                    "box": {
                        "origin": [
                            0.0,
                            0.0,
                            0.0
                        ],
                        "dimensions": [
                            1.0,
                            5.0,
                            1.0
                        ],
                        "uv": [
                            89,
                            1
                        ]
                    }
                },
                {
                    "eulerRotations": [
                        0.0,
                        90.0,
                        352.0
                    ],
                    "rotationOrigin": [
                        -0.5,
                        -4.91029,
                        0.679408431
                    ],
                    "box": {
                        "origin": [
                            0.0,
                            0.0,
                            0.0
                        ],
                        "dimensions": [
                            1.0,
                            5.0,
                            1.0
                        ],
                        "uv": [
                            81,
                            1
                        ]
                    }
                }
            ]
        },
        "slide": {
            "origin": [
                0.0,
                0.0,
                0.0
            ],
            "material": "Cutout",
            "turboelements": [
                {
                    "eulerRotations": [
                        0.0,
                        90.0,
                        0.0
                    ],
                    "rotationOrigin": [
                        -0.499999553,
                        4.5,
                        -6.99999952
                    ],
                    "box": {
                        "origin": [
                            0.0,
                            0.0,
                            0.0
                        ],
                        "dimensions": [
                            1.0,
                            1.0,
                            1.0
                        ],
                        "uv": [
                            153,
                            1
                        ]
                    }
                },
                {
                    "eulerRotations": [
                        0.0,
                        90.0,
                        0.0
                    ],
                    "rotationOrigin": [
                        -1.0,
                        4.0,
                        0.9999999
                    ],