{
    "loader": "flansmod:turborig",
    "display": {
        "fixed": {
            "translation": [
                6.0,
                6.0,
                6.0
            ],
            "rotation": [
                0.0,
                270.0,
                45.0
            ],
            "scale": [
                1.0,
                1.0,
                1.0
            ]
        },
        "ground": {
            "translation": [
                0.0,
                0.15,
                0.0
            ],
            "rotation": [
                0.0,
                270.0,
                0.0
            ],
            "scale": [
                0.0625,
                0.0625,
                0.0625
            ]
        },
        "head": {
            "translation": [
                0.0,
                0.0,
                0.0
            ],
            "rotation": [
                270.0,
                270.0,
                0.0
            ],
            "scale": [
                1.0,
                1.0,
                1.0
            ]
        },
        "gui": {
            "translation": [
                0.04166835,
                2.92698354E-09,
                0.0416683555
            ],
            "rotation": [
                0.0,
                45.0,
                90.0
            ],
            "scale": [
                5.028519,
                5.028519,
                5.028519
            ]
        },
        "thirdperson_lefthand": {
            "translation": [
                8.0,
                8.0,
                6.0
            ],
            "rotation": [
                0.0,
                0.0,
                0.0
            ],
            "scale": [
                1.0,
                1.0,
                1.0
            ]
        },
        "thirdperson_righthand": {
            "translation": [
                8.0,
                8.0,
                6.0
            ],
            "rotation": [
                0.0,
                0.0,
                0.0
            ],
            "scale": [
                1.0,
                1.0,
                1.0
            ]
        },
        "firstperson_lefthand": {
            "translation": [
                -8.0,
                -7.0,
                -13.0
            ],
            "rotation": [
                0.0,
                0.0,
                0.0
            ],
            "scale": [
                1.0,
                1.0,
                1.0
            ]
        },
        "firstperson_righthand": {
            "translation": [
                8.0,
                -7.0,
                -13.0
            ],
            "rotation": [
                0.0,
                0.0,
                0.0
            ],
            "scale": [
                1.0,
                1.0,
                1.0
            ]
        }
    },
    "textures": {
        "default": "flansvendersgame:skins/take_your_life_in_your_hands"
    },
    "icons": {
        "default": "flansvendersgame:item/take_your_life_in_your_hands"
    },
    "animations": {},
    "parts": {
        "body": {
            "origin": [
                0.0,
                0.0,
                0.0
            ],
            "material": "Cutout",
            "turboelements": [
                {
                    "eulerRotations": [
                        0.0,
                        0.0,
                        0.0
                    ],
                    "rotationOrigin": [
                        -1.0,
                        -2.0,
                        -3.0
                    ],
                    "box": {
                        "origin": [
                            0.0,
                            0.0,
                            0.0
                        ],
                        "dimensions": [
                            2.0,
                            1.0,
                            6.0
                        ],
                        "uv": [
                            18,
                            4
                        ]
                    }
                },
                {
                    "eulerRotations": [
                        0.0,
                        0.0,
                        0.0
                    ],
                    "rotationOrigin": [
                        -1.0,
                        -1.0,
                        -3.0
                    ],
                    "box": {
                        "origin": [
                            0.0,
                            0.0,
                            0.0
                        ],
                        "dimensions": [
                            2.0,
                            1.0,
                            6.0
                        ],
                        "uv": [
                            18,
                            4
                        ]
                    }
                }
            ]
        }
    },
    "attachPoints": [],
    "textureSize": [
        32,
        16
    ]
}